{
  "start_time": 1771403213.8199658,
  "duration_seconds": 4.248506307601929,
  "samples": [],
  "summary": {}
}